Player	Deck	Date Played	Won (Y/N)	Game Number
Nic	Sauron Army	28/08/2024	No	1
Ben	Revenant Recon	28/08/2024	No	1
Dante	Graveyard Overdrive	28/08/2024	No	1
Ashe	Peace Offering	28/08/2024	Yes	1
Nic	Sauron Army	4/09/2024	No	2
Ben	Voja Elves	4/09/2024	No	2
Dante	Draconic Dissent	4/09/2024	No	2
Otis	Creative Energy	4/09/2024	Yes	2
Ben	Revenant Recon	7/09/2024	Yes	3
Al	Graveyard Overdrive	7/09/2024	No	3
Dante	Draconic Dissent	7/09/2024	No	3
Nic	Sauron Army	7/09/2024	No	3
Ben	Revenant Recon	8/09/2024	No	4
Dante	Draconic Dissent	8/09/2024	Yes	4
Nic	Baeloth Goad	8/09/2024	No	4
Otis	Creative Energy	8/09/2024	No	4
Nic	Baeloth Goad	11/09/2024	No	5
Dante	Graveyard Overdrive	11/09/2024	No	5
Ben	Eldrazi Incursion	11/09/2024	Yes	5
Ashe	Peace Offering	11/09/2024	No	5
Tonsi	Desert Bloom	11/09/2024	No	5
Nic	Omo Landwalk	17/09/2024	No	6
Ben	Eriette Aura Theft	17/09/2024	No	6
Dante	Draconic Dissent	17/09/2024	Yes	6
Otis	Creative Energy	17/09/2024	No	6
Nic	Sauron Army	17/09/2024	Yes	7
Ben	Rograkh Equipment	17/09/2024	No	7
Dante	Graveyard Overdrive	17/09/2024	No	7
Otis	Creative Energy	17/09/2024	No	7
Nic	Sauron Army	17/09/2024	No	8
Ben	Revenant Recon	17/09/2024	Yes	8
Dante	Draconic Dissent	17/09/2024	No	8
Otis	Mutant Menace	17/09/2024	No	8
Nic	Lynde Curse	22/09/2024	Yes	9
Ashe	Peace Offering	22/09/2024	No	9
Otis	Creative Energy	22/09/2024	No	9
Ben	Quick Draw	22/09/2024	No	9
Nic	Lynde Curse	22/09/2024	Yes	10
Ben	Quick Draw	22/09/2024	No	10
Otis	Creative Energy	22/09/2024	No	10
Ashe	Cavalry Charge	22/09/2024	No	10
Nic	Baeloth Goad	24/09/2024	No	11
Ashe	Virtue and Valor	24/09/2024	Yes	11
Dante	Graveyard Overdrive	24/09/2024	No	11
Ben	Quick Draw	24/09/2024	No	11
Nic	Lynde Curse	24/09/2024	No	12
Ashe	Peace Offering	24/09/2024	No	12
Dante	Draconic Dissent	24/09/2024	Yes	12
Ben	Revenant Recon	24/09/2024	No	12
Nic	Urza's Iron Alliance	25/09/2024	No	13
Ben	Quick Draw	25/09/2024	No	13
Otis	Creative Energy	25/09/2024	Yes	13
Hugh	Voja Elves	25/09/2024	No	13
Nic	Omo Landwalk	25/09/2024	No	14
Ben	Quick Draw	25/09/2024	Yes	14
Otis	Mutant Menace	25/09/2024	No	14
Hugh	Voja Elves	25/09/2024	No	14
Nic	Baeloth Goad	30/09/2024	No	15
Ben	Revenant Recon	30/09/2024	Yes	15
Jaxon	Voja Elves	30/09/2024	No	15
Hugh	Mutant Menace	30/09/2024	No	15
Nic	Baeloth Goad	30/09/2024	Yes	16
Ben	Mishra's Burnished Banner	30/09/2024	No	16
Jaxon	Voja Elves	30/09/2024	No	16
Hugh	Mutant Menace	30/09/2024	No	16
Nic	Lynde Curse	1/10/2024	Yes	17
Ben	Revenant Recon	1/10/2024	No	17
Ashe	Peace Offering	1/10/2024	No	17
Dante	Graveyard Overdrive	1/10/2024	No	17
Ben	Revenant Recon	1/10/2024	Yes	18
Otis	Creative Energy	1/10/2024	No	18
Ashe	Peace Offering	1/10/2024	No	18
Dante	Draconic Dissent	1/10/2024	No	18
Nic	Lynde Curse	1/10/2024	No	18
Hugh	Mutant Menace	1/10/2024	No	18
Nic	Sauron Army	3/10/2024	Yes	19
Ben	Mishra's Burnished Banner	3/10/2024	No	19
Jaxon	Miiryn Dragons	3/10/2024	No	19
Dante	Draconic Dissent	3/10/2024	No	19
Nic	Baeloth Goad	3/10/2024	No	20
Ben	Eldrazi Incursion	3/10/2024	Yes	20
Jaxon	Miiryn Dragons	3/10/2024	No	20
Dante	Draconic Dissent	3/10/2024	No	20
Nic	Baeloth Goad	3/10/2024	Yes	21
Ben	Revenant Recon	3/10/2024	No	21
Jaxon	Miiryn Dragons	3/10/2024	No	21
Dante	Draconic Dissent	3/10/2024	No	21
Nic	Omo Landwalk	6/10/2024	Yes	22
Ashe	Vito Vampires	6/10/2024	No	22
Hugh	Jumpscare	6/10/2024	No	22
Ben	Eldrazi Incursion	6/10/2024	No	22
Nic	Lynde Curse	6/10/2024	No	23
Ashe	Vito Vampires	6/10/2024	Yes	23
Hugh	Jumpscare	6/10/2024	No	23
Ben	Eldrazi Incursion	6/10/2024	No	23
Nic	Lynde Curse	6/10/2024	No	24
Ashe	Vito Vampires	6/10/2024	No	24
Hugh	Jumpscare	6/10/2024	Yes	24
Ben	Eldrazi Incursion	6/10/2024	No	24
Nic	Sauron Army	10/10/2024	No	25
Ben	Eldrazi Incursion	10/10/2024	No	25
Dante	Graveyard Overdrive	10/10/2024	No	25
Ashe	Vito Vampires	10/10/2024	No	25
Jaxon	Miiryn Dragons	10/10/2024	Yes	25
Ben	Eldrazi Incursion	10/10/2024	No	26
Dante	Draconic Dissent	10/10/2024	No	26
Ashe	Peace Offering	10/10/2024	No	26
Nic	Baeloth Goad	10/10/2024	No	26
Jaxon	Miiryn Dragons	10/10/2024	Yes	26
Nic	Lynde Curse	13/10/2024	Yes	27
Ashe	Vito Vampires	13/10/2024	No	27
Hugh	Jumpscare	13/10/2024	No	27
Ben	Quick Draw	13/10/2024	No	27
Nic	Sauron Army	13/10/2024	No	28
Ashe	Vito Vampires	13/10/2024	Yes	28
Hugh	Jumpscare	13/10/2024	No	28
Ben	Quick Draw	13/10/2024	No	28
Nic	Peace Offering	13/10/2024	No	29
Ashe	Vito Vampires	13/10/2024	No	29
Hugh	Jumpscare	13/10/2024	Yes	29
Ben	Quick Draw	13/10/2024	No	29
Nic	Abaddon Demon Cascade	15/10/2024	No	30
Ben	Voja Elves	15/10/2024	No	30
Dante	Draconic Dissent	15/10/2024	No	30
Ashe	Vito Vampires	15/10/2024	Yes	30
Jaxon	Miiryn Dragons	15/10/2024	No	30
Nic	Abaddon Demon Cascade	15/10/2024	Yes	31
Ben	Rograkh Equipment	15/10/2024	No	31
Dante	Draconic Dissent	15/10/2024	No	31
Ashe	Vito Vampires	15/10/2024	No	31
Jaxon	Miiryn Dragons	15/10/2024	No	31
Nic	Baeloth Goad	15/10/2024	No	32
Ben	Revenant Recon	15/10/2024	Yes	32
Dante	Draconic Dissent	15/10/2024	No	32
Ashe	Vito Vampires	15/10/2024	No	32
Jaxon	Miiryn Dragons	15/10/2024	No	32
Nic	Abaddon Demon Cascade	17/10/2024	No	33
Ben	Quick Draw	17/10/2024	No	33
Dante	Graveyard Overdrive	17/10/2024	No	33
Jaxon	Miiryn Dragons	17/10/2024	Yes	33
Nic	Lynde Curse	17/10/2024	No	34
Ben	Quick Draw	17/10/2024	No	34
Dante	Graveyard Overdrive	17/10/2024	Yes	34
Jaxon	Miiryn Dragons	17/10/2024	No	34
Nic	Abaddon Demon Cascade	20/10/2024	No	35
Ben	Mishra's Burnished Banner	20/10/2024	No	35
Otis	Creative Energy	20/10/2024	Yes	35
Dante	Graveyard Overdrive	20/10/2024	No	35
Nic	Abaddon Demon Cascade	20/10/2024	No	36
Ben	Quick Draw	20/10/2024	No	36
Otis	Mutant Menace	20/10/2024	No	36
Dante	Graveyard Overdrive	20/10/2024	Yes	36
Nic	Omo Landwalk	21/10/2024	Yes	37
Ashe	Peace Offering	21/10/2024	No	37
Ben	Revenant Recon	21/10/2024	No	37
Jaxon	Miiryn Dragons	21/10/2024	No	37
Nic	Abaddon Demon Cascade	23/10/2024	No	38
Ben	Rograkh Equipment	23/10/2024	Yes	38
Ashe	Vito Vampires	23/10/2024	No	38
Nic	Abaddon Demon Cascade	23/10/2024	Yes	39
Ben	Quick Draw	23/10/2024	No	39
Ashe	Vito Vampires	23/10/2024	No	39
Nic	Omo Landwalk	23/10/2024	No	40
Ben	Quick Draw	23/10/2024	No	40
Ashe	Vito Vampires	23/10/2024	Yes	40
Nic	Omo Landwalk	23/10/2024	No	41
Ben	Quick Draw	23/10/2024	Yes	41
Ashe	Vito Vampires	23/10/2024	No	41
Nic	Lynde Curse	24/10/2024	No	42
Ben	Eldrazi Incursion	24/10/2024	No	42
Dante	Graveyard Overdrive	24/10/2024	Yes	42
Jaxon	Miiryn Dragons	24/10/2024	No	42
Nic	Baeloth Goad	24/10/2024	No	43
Ben	Rograkh Equipment	24/10/2024	Yes	43
Dante	Draconic Dissent	24/10/2024	No	43
Jaxon	Miiryn Dragons	24/10/2024	No	43
Nic	Lynde Curse	26/10/2024	No	44
Ashe	Vito Vampires	26/10/2024	No	44
Ollie	Coven Counters	26/10/2024	No	44
Hugh	Jumpscare	26/10/2024	No	44
Ben	Revenant Recon	26/10/2024	Yes	44
Nic	Abaddon Demon Cascade	26/10/2024	No	45
Ashe	Vito Vampires	26/10/2024	Yes	45
Ollie	Peace Offering	26/10/2024	No	45
Hugh	Jumpscare	26/10/2024	No	45
Ben	Rograkh Equipment	26/10/2024	No	45
Nic	Jumpscare	26/10/2024	No	46
Ashe	Vito Vampires	26/10/2024	No	46
Ben	Rograkh Equipment	26/10/2024	Yes	46
Ollie	Peace Offering	26/10/2024	No	46
Nic	Lynde Curse	28/10/2024	No	47
Ben	Eldrazi Incursion	28/10/2024	No	47
Jaxon	Miiryn Dragons	28/10/2024	Yes	47
Ashe	Minn Illusions	28/10/2024	No	47
Dante	Draconic Dissent	28/10/2024	No	47
Nic	Baeloth Goad	28/10/2024	No	48
Ben	Voja Elves	28/10/2024	No	48
Jaxon	Miiryn Dragons	28/10/2024	No	48
Ashe	Vito Vampires	28/10/2024	Yes	48
Dante	Graveyard Overdrive	28/10/2024	No	48
Nic	Abaddon Demon Cascade	30/10/2024	No	49
Ben	Quick Draw	30/10/2024	No	49
Ashe	Minn Illusions	30/10/2024	No	49
Hugh	Jumpscare	30/10/2024	No	49
Nic	Baeloth Goad	1/11/2024	Yes	50
Ashe	Minn Illusions	1/11/2024	No	50
Ollie	Peace Offering	1/11/2024	No	50
Jaxon	Hogaak Graveyard	1/11/2024	No	50
Otis	Creative Energy	1/11/2024	No	50
Ben	Rograkh Equipment	1/11/2024	No	50
Nic	Sauron Army	2/11/2024	No	51
Ben	Quick Draw	2/11/2024	Yes	51
Jaxon	Hogaak Graveyard	2/11/2024	No	51
Ashe	Minn Illusions	2/11/2024	No	51
Nic	Lynde Curse	3/11/2024	Yes	52
Ben	Revenant Recon	3/11/2024	No	52
Hugh	Miracle Worker	3/11/2024	No	52
Ashe	Minn Illusions	3/11/2024	No	52
Nic	Omo Landwalk	3/11/2024	No	53
Ben	Quick Draw	3/11/2024	Yes	53
Hugh	Miracle Worker	3/11/2024	No	53
Ashe	Minn Illusions	3/11/2024	No	53
Nic	Abaddon Demon Cascade	6/11/2024	No	54
Al	Mutant Menace	6/11/2024	No	54
Ben	Quick Draw	6/11/2024	Yes	54
Nic	Abaddon Demon Cascade	9/11/2024	No	55
Ben	Voja Elves	9/11/2024	Yes	55
Ashe	The Most Dangerous Gamer Attractions	9/11/2024	No	55
Jaxon	Hogaak Graveyard	9/11/2024	No	55
Nic	Baeloth Goad	9/11/2024	No	56
Ben	Eldrazi Incursion	9/11/2024	Yes	56
Ashe	The Most Dangerous Gamer Attractions	9/11/2024	No	56
Jaxon	Hogaak Graveyard	9/11/2024	No	56
Nic	Abaddon Demon Cascade	9/11/2024	No	57
Jaxon	Hogaak Graveyard	9/11/2024	Yes	57
Ashe	Minn Illusions	9/11/2024	No	57
Nic	Lynde Curse	16/11/2024	No	58
Ben	Rograkh Equipment	16/11/2024	Yes	58
Jaxon	Hogaak Graveyard	16/11/2024	No	58
Nic	Baeloth Goad	16/11/2024	No	59
Ben	Quick Draw	16/11/2024	No	59
Jaxon	Hogaak Graveyard	16/11/2024	Yes	59
Nic	Mutant Menace	19/11/2024	No	60
Ben	Koma Lands	19/11/2024	Yes	60
Ashe	The Most Dangerous Gamer Attractions	19/11/2024	No	60
Nic	Mutant Menace	19/11/2024	Yes	61
Ben	Quick Draw	19/11/2024	No	61
Ashe	The Most Dangerous Gamer Attractions	19/11/2024	No	61
Nic	Mutant Menace	19/11/2024	No	62
Ben	Quick Draw	19/11/2024	Yes	62
Ashe	The Most Dangerous Gamer Attractions	19/11/2024	No	62
Nic	Grist Insects	21/11/2024	No	63
Ben	Revenant Recon	21/11/2024	No	63
Ashe	Marina Rooms	21/11/2024	Yes	63
Dante	Ur-Dragon Dragons	21/11/2024	No	63
Nic	Grist Insects	21/11/2024	No	64
Ben	Revenant Recon	21/11/2024	Yes	64
Ashe	Marina Rooms	21/11/2024	No	64
Dante	Ur-Dragon Dragons	21/11/2024	No	64
Nic	Grist Insects	21/11/2024	Yes	65
Dante	Ur-Dragon Dragons	21/11/2024	No	65
Ashe	The Most Dangerous Gamer Attractions	21/11/2024	No	65
Otis	Mutant Menace	21/11/2024	No	65
Nic	Grist Insects	25/11/2024	Yes	66
Ben	Revenant Recon	25/11/2024	No	66
Dante	Ur-Dragon Dragons	25/11/2024	No	66
Jaxon	Inniaz Theft	25/11/2024	No	66
Ashe	The Most Dangerous Gamer Attractions	25/11/2024	No	66
Nic	Lynde Curse	25/11/2024	No	67
Ben	Quick Draw	25/11/2024	Yes	67
Dante	Ur-Dragon Dragons	25/11/2024	No	67
Jaxon	Inniaz Theft	25/11/2024	No	67
Ashe	Marina Rooms	25/11/2024	No	67
Nic	Abaddon Demon Cascade	27/11/2024	Yes	68
Ben	Mishra's Burnished Banner	27/11/2024	No	68
Ashe	Minn Illusions	27/11/2024	No	68
Otis	Jumpscare	27/11/2024	No	68
Nic	Abaddon Demon Cascade	27/11/2024	No	69
Ben	Mishra's Burnished Banner	27/11/2024	Yes	69
Otis	Jumpscare	27/11/2024	No	69
Ashe	Vito Vampires	27/11/2024	No	69
Nic	Baeloth Goad	9/12/2024	No	70
Ben	Eldrazi Incursion	9/12/2024	Yes	70
Ashe	Minn Illusions	9/12/2024	No	70
Otis	Henzie Blitz	9/12/2024	No	70
Nic	Grist Insects	9/12/2024	Yes	71
Ben	Quick Draw	9/12/2024	No	71
Ashe	Marina Rooms	9/12/2024	No	71
Otis	Henzie Blitz	9/12/2024	No	71
Nic	Grist Insects	9/12/2024	No	72
Ben	Quick Draw	9/12/2024	No	72
Otis	Henzie Blitz	9/12/2024	Yes	72
Ashe	Marina Rooms	9/12/2024	No	72
Nic	Mutant Menace	13/12/2024	No	73
Ben	Quick Draw	13/12/2024	No	73
Otis	Henzie Blitz	13/12/2024	Yes	73
Nic	Omo Landwalk	15/12/2024	No	74
Ben	Rograkh Equipment	15/12/2024	Yes	74
Dante	Ur-Dragon Dragons	15/12/2024	No	74
Nic	Abaddon Demon Cascade	15/12/2024	No	75
Ben	Revenant Recon	15/12/2024	No	75
Dante	Ur-Dragon Dragons	15/12/2024	Yes	75
Nic	Sauron Army	18/12/2024	No	76
Hugh	Miracle Worker	18/12/2024	No	76
Ashe	The Most Dangerous Gamer Attractions	18/12/2024	No	76
Ben	Quick Draw	18/12/2024	Yes	76
Nic	Lynde Curse	18/12/2024	Yes	77
Ben	Quick Draw	18/12/2024	No	77
Ashe	Vito Vampires	18/12/2024	No	77
Hugh	Miracle Worker	18/12/2024	No	77
Nic	Sauron Army	18/12/2024	No	78
Ben	Mishra's Burnished Banner	18/12/2024	Yes	78
Ashe	The Most Dangerous Gamer Attractions	18/12/2024	No	78
Nic	Baeloth Goad	23/12/2024	No	79
Ben	Revenant Recon	23/12/2024	Yes	79
Otis	Henzie Blitz	23/12/2024	No	79
Hugh	Miracle Worker	23/12/2024	No	79
Dante	Ur-Dragon Dragons	23/12/2024	No	79
Nic	Baeloth Goad	23/12/2024	No	80
Ben	Revenant Recon	23/12/2024	No	80
Otis	Henzie Blitz	23/12/2024	Yes	80
Hugh	Miracle Worker	23/12/2024	No	80
Dante	Ur-Dragon Dragons	23/12/2024	No	80
Nic	Grist Insects	23/12/2024	No	81
Ben	Rograkh Equipment	23/12/2024	No	81
Otis	Henzie Blitz	23/12/2024	Yes	81
Hugh	Miracle Worker	23/12/2024	No	81
Nic	Baeloth Goad	30/12/2024	Yes	82
Ben	20 Ways to Win	30/12/2024	No	82
Dante	Ur-Dragon Dragons	30/12/2024	No	82
Otis	Henzie Blitz	30/12/2024	No	82
Hugh	Miracle Worker	30/12/2024	Yes	83
Ashe	Peace Offering	30/12/2024	No	83
Jaxon	Inniaz Theft	30/12/2024	No	83
Al	Miiryn Dragons	30/12/2024	No	83
Nic	Grist Insects	30/12/2024	No	84
Ashe	Vito Vampires	30/12/2024	No	84
Otis	Henzie Blitz	30/12/2024	Yes	84
Dante	Ur-Dragon Dragons	30/12/2024	No	84
Ben	20 Ways to Win	30/12/2024	No	84
Ben	20 Ways to Win	30/12/2024	No	85
Ashe	Vito Vampires	30/12/2024	No	85
Dante	Ur-Dragon Dragons	30/12/2024	No	85
Jaxon	Inniaz Theft	30/12/2024	No	85
Otis	Henzie Blitz	30/12/2024	Yes	85
Nic	Mutant Menace	3/01/2025	No	86
Ben	Quick Draw	3/01/2025	Yes	86
Dante	Ur-Dragon Dragons	3/01/2025	No	86
Otis	Creative Energy	3/01/2025	No	86
Nic	Grist Insects	3/01/2025	No	87
Ben	Quick Draw	3/01/2025	Yes	87
Dante	Ur-Dragon Dragons	3/01/2025	No	87
Otis	Henzie Blitz	3/01/2025	No	87
Nic	Draconic Dissent	3/01/2025	No	88
Ben	20 Ways to Win	3/01/2025	No	88
Dante	Graveyard Overdrive	3/01/2025	Yes	88
Nic	Lynde Curse	6/01/2025	No	89
Ben	Revenant Recon	6/01/2025	No	89
Ashe	Peace Offering	6/01/2025	No	89
Otis	Henzie Blitz	6/01/2025	No	89
Hugh	Miracle Worker	6/01/2025	No	89
Dante	Ur-Dragon Dragons	6/01/2025	Yes	89
Nic	Abaddon Demon Cascade	6/01/2025	No	90
Ashe	Minn Illusions	6/01/2025	No	90
Dante	Draconic Dissent	6/01/2025	No	90
Ben	Revenant Recon	6/01/2025	Yes	90
Nic	Abaddon Demon Cascade	18/01/2025	Yes	91
Ben	Quick Draw	18/01/2025	No	91
Otis	Henzie Blitz	18/01/2025	No	91
Nic	Omo Landwalk	18/01/2025	Yes	92
Ben	Quick Draw	18/01/2025	No	92
Otis	Abaddon Demon Cascade	18/01/2025	No	92
Nic	Abaddon Demon Cascade	18/01/2025	No	93
Ben	Voja Elves	18/01/2025	Yes	93
Otis	Graveyard Overdrive	18/01/2025	No	93
Dante	Ur-Dragon Dragons	18/01/2025	No	93
Nic	Abaddon Demon Cascade	18/01/2025	Yes	94
Ben	Eldrazi Incursion	18/01/2025	No	94
Otis	Henzie Blitz	18/01/2025	No	94
Dante	Draconic Dissent	18/01/2025	No	94
Nic	Lynde Curse	19/01/2025	No	95
Ben	Voja Elves	19/01/2025	No	95
Otis	Henzie Blitz	19/01/2025	Yes	95
Dante	Draconic Dissent	19/01/2025	No	95
Ashe	Hugs Creatures	19/01/2025	No	95
Nic	Lynde Curse	19/01/2025	No	96
Ben	Rograkh Equipment	19/01/2025	Yes	96
Ashe	Vito Vampires	19/01/2025	No	96
Dante	Draconic Dissent	19/01/2025	No	96
Nic	Sauron Army	25/01/2025	No	97
Dante	Ur-Dragon Dragons	25/01/2025	No	97
Ben	Prosper Exile	25/01/2025	Yes	97
Nic	Sauron Army	25/01/2025	No	98
Ben	Prosper Exile	25/01/2025	No	98
Dante	Ur-Dragon Dragons	25/01/2025	Yes	98
Nic	Omo Landwalk	25/01/2025	No	99
Dante	Graveyard Overdrive	25/01/2025	Yes	99
Ben	Prosper Exile	25/01/2025	No	99
Nic	Omo Landwalk	25/01/2025	No	100
Ben	Prosper Exile	25/01/2025	Yes	100
Dante	Graveyard Overdrive	25/01/2025	No	100
Nic	Baeloth Goad	27/01/2025	No	101
Ben	Prosper Exile	27/01/2025	No	101
Dante	Graveyard Overdrive	27/01/2025	No	101
Otis	Henzie Blitz	27/01/2025	No	101
Jaxon	Ur-Dragon Dragons	27/01/2025	Yes	101
Nic	Baeloth Goad	27/01/2025	Yes	102
Ben	Prosper Exile	27/01/2025	No	102
Jaxon	Graveyard Overdrive	27/01/2025	No	102
Dante	Ur-Dragon Dragons	27/01/2025	No	102
Nic	Grist Insects	28/01/2025	No	103
Ben	Prosper Exile	28/01/2025	No	103
Otis	Henzie Blitz	28/01/2025	No	103
Hugh	Jumpscare	28/01/2025	Yes	103
Ashe	Hugs Creatures	28/01/2025	No	103
Nic	Mutant Menace	28/01/2025	No	104
Ben	Prosper Exile	28/01/2025	Yes	104
Hugh	Miracle Worker	28/01/2025	No	104
Ashe	Peace Offering	28/01/2025	No	104
Nic	Lynde Curse	2/02/2025	No	105
Ben	Prosper Exile	2/02/2025	Yes	105
Dante	Ur-Dragon Dragons	2/02/2025	No	105
Ashe	Vito Vampires	2/02/2025	No	105
Nic	Baeloth Goad	4/02/2025	No	106
Ben	Prosper Exile	4/02/2025	Yes	106
Otis	Henzie Blitz	4/02/2025	No	106
Hugh	Jumpscare	4/02/2025	No	106
Dante	Ur-Dragon Dragons	4/02/2025	No	106
Nic	Abaddon Demon Cascade	6/02/2025	No	107
Ben	Prosper Exile	6/02/2025	Yes	107
Ashe	Hugs Creatures	6/02/2025	No	107
Nic	Abaddon Demon Cascade	6/02/2025	No	108
Ben	Prosper Exile	6/02/2025	Yes	108
Ashe	Minn Illusions	6/02/2025	No	108
Nic	Grist Insects	6/02/2025	No	109
Ben	Prosper Exile	6/02/2025	No	109
Otis	Henzie Blitz	6/02/2025	Yes	109
Ashe	Minn Illusions	6/02/2025	No	109
Nic	Grist Insects	6/02/2025	No	110
Ben	Prosper Exile	6/02/2025	Yes	110
Otis	Creative Energy	6/02/2025	No	110
Ashe	Hugs Creatures	6/02/2025	No	110
Nic	Eternal Might	7/02/2025	No	111
Ben	Eternal Might	7/02/2025	Yes	111
Hugh	Living energy	7/02/2025	No	111
Nic	Eternal Might	11/02/2025	No	112
Ben	Endless Punishment	11/02/2025	No	112
Otis	Henzie Blitz	11/02/2025	Yes	112
Hugh	Living energy	11/02/2025	No	112
Dante	Ur-Dragon Dragons	11/02/2025	No	112
Nic	Eternal Might	11/02/2025	No	113
Ben	Endless Punishment	11/02/2025	Yes	113
Dante	Ur-Dragon Dragons	11/02/2025	No	113
Hugh	Living energy	11/02/2025	No	113
Nic	Grist Insects	16/02/2025	Yes	114
Ben	Eternal Might	16/02/2025	No	114
Otis	Henzie Blitz	16/02/2025	No	114
Ashe	Ghave Saprolings	16/02/2025	No	114
Nic	Eternal Might	16/02/2025	No	115
Ben	Endless Punishment	16/02/2025	Yes	115
Ashe	Ghave Saprolings	16/02/2025	No	115
Otis	Henzie Blitz	16/02/2025	No	115
Nic	Eternal Might	17/02/2025	No	116
Ben	Quick Draw	17/02/2025	No	116
Ashe	Hugs Creatures	17/02/2025	Yes	116
Nic	Lynde Curse	17/02/2025	Yes	117
Ben	Endless Punishment	17/02/2025	No	117
Dante	Ur-Dragon Dragons	17/02/2025	No	117
Ashe	Minn Illusions	17/02/2025	No	117
Nic	Eternal Might	17/02/2025	No	118
Ben	Hashaton Discard	17/02/2025	Yes	118
Ashe	Hugs Creatures	17/02/2025	No	118
Dante	Ur-Dragon Dragons	17/02/2025	No	118
Nic	Chiss-Goria Artifacts	21/02/2025	No	119
Dante	Ur-Dragon Dragons	21/02/2025	Yes	119
Otis	Henzie Blitz	21/02/2025	No	119
Ben	Prosper Exile	21/02/2025	No	119
Nic	Chiss-Goria Artifacts	21/02/2025	No	120
Ben	Hashaton Discard	21/02/2025	No	120
Otis	Henzie Blitz	21/02/2025	Yes	120
Dante	Ur-Dragon Dragons	21/02/2025	No	120
Nic	Baeloth Minions	25/02/2025	No	121
Ben	Prosper Exile	25/02/2025	No	121
Otis	Henzie Blitz	25/02/2025	No	121
Dante	Ur-Dragon Dragons	25/02/2025	No	121
Ashe	Hugs Creatures	25/02/2025	No	121
Jaxon	Miiryn Dragons	25/02/2025	Yes	121
Nic	Baeloth Minions	25/02/2025	No	122
Dante	Ur-Dragon Dragons	25/02/2025	No	122
Ashe	Marina Rooms	25/02/2025	No	122
Ben	Endless Punishment	25/02/2025	No	122
Jaxon	Inniaz Theft	25/02/2025	No	122
Otis	Henzie Blitz	25/02/2025	Yes	122
Nic	Baeloth Minions	27/02/2025	No	123
Ben	Mishra's Burnished Banner	27/02/2025	No	123
Otis	Henzie Blitz	27/02/2025	No	123
Al	Voja Elves	27/02/2025	Yes	123
Nic	Baeloth Minions	27/02/2025	No	124
Ben	Prosper Exile	27/02/2025	Yes	124
Otis	Henzie Blitz	27/02/2025	No	124
Al	Voja Elves	27/02/2025	No	124
Nic	Chiss-Goria Artifacts	28/03/2025	Yes	125
Ben	Hashaton Discard	28/03/2025	No	125
Ashe	Tinybones Discard	28/03/2025	No	125
Nic	Grist Insects	28/03/2025	Yes	126
Ben	Hashaton Discard	28/03/2025	No	126
Ashe	Tinybones Discard	28/03/2025	No	126
Nic	Chiss-Goria Artifacts	28/03/2025	No	127
Ben	Rograkh Equipment	28/03/2025	Yes	127
Ashe	Tinybones Discard	28/03/2025	No	127
Nic	Baeloth Minions	2/03/2025	No	128
Ben	Quick Draw	2/03/2025	No	128
Otis	Henzie Blitz	2/03/2025	No	128
Dante	Ur-Dragon Dragons	2/03/2025	Yes	128
Jaxon	Inniaz Theft	2/03/2025	No	128
Al	Miiryn Dragons	2/03/2025	No	128
Nic	Grist Insects	3/03/2025	Yes	129
Ben	Prosper Exile	3/03/2025	No	129
Ashe	Tinybones Discard	3/03/2025	No	129
Jaxon	Miiryn Dragons	3/03/2025	No	129
Hugh	Miracle Worker	3/03/2025	No	129
Nic	Baeloth Minions	3/03/2025	No	130
Ben	Prosper Exile	3/03/2025	No	130
Ashe	Tinybones Discard	3/03/2025	Yes	130
Jaxon	Inniaz Theft	3/03/2025	No	130
Hugh	Living energy	3/03/2025	No	130
Dante	Graveyard Overdrive	3/03/2025	No	130
Nic	Chiss-Goria Artifacts	5/03/2025	No	131
Ben	Prosper Exile	5/03/2025	No	131
Otis	Henzie Blitz	5/03/2025	Yes	131
Nic	Eternal Might	7/03/2025	No	132
Ben	Mishra's Burnished Banner	7/03/2025	Yes	132
Ashe	Hugs Creatures	7/03/2025	No	132
Nic	Eternal Might	7/03/2025	Yes	133
Ben	Quick Draw	7/03/2025	No	133
Ashe	Hugs Creatures	7/03/2025	No	133
Nic	Grist Insects	7/03/2025	No	134
Ben	Quick Draw	7/03/2025	Yes	134
Ashe	Tinybones Discard	7/03/2025	No	134
Nic	Grist Insects	7/03/2025	Yes	135
Ben	Prosper Exile	7/03/2025	No	135
Ashe	Tinybones Discard	7/03/2025	No	135
Otis	Henzie Blitz	7/03/2025	No	135
Nic	Baeloth Minions	10/03/2025	No	136
Ben	Prosper Exile	10/03/2025	No	136
Otis	Eldrazi Incursion	10/03/2025	No	136
Jaxon	Miiryn Dragons	10/03/2025	Yes	136
Hugh	Miracle Worker	10/03/2025	No	136
Nic	Lynde Curse	14/03/2025	No	137
Ben	Endless Punishment	14/03/2025	Yes	137
Dante	Ur-Dragon Dragons	14/03/2025	No	137
Ashe	Kykar Flicker	14/03/2025	No	137
Nic	Lynde Curse	14/03/2025	No	138
Ben	Endless Punishment	14/03/2025	Yes	138
Ashe	Kykar Flicker	14/03/2025	No	138
Dante	Ur-Dragon Dragons	14/03/2025	No	138
Nic	Lynde Curse	18/03/2025	No	139
Ben	Voja Elves	18/03/2025	No	139
Ashe	Kykar Flicker	18/03/2025	No	139
Dante	Braulious Lands	18/03/2025	No	139
Hugh	Jumpscare	18/03/2025	Yes	139
Nic	Chiss-Goria Artifacts	18/03/2025	No	140
Ben	Rograkh Equipment	18/03/2025	No	140
Ashe	Tinybones Discard	18/03/2025	No	140
Dante	Braulious Lands	18/03/2025	No	140
Hugh	Miracle Worker	18/03/2025	Yes	140
Nic	Lynde Curse	19/03/2025	No	141
Ben	Prosper Exile	19/03/2025	Yes	141
Ashe	Kykar Flicker	19/03/2025	No	141
Dante	Braulious Lands	19/03/2025	No	141
Nic	Baeloth Minions	19/03/2025	Yes	142
Ashe	Kykar Flicker	19/03/2025	No	142
Ben	Hashaton Discard	19/03/2025	No	142
Otis	Henzie Blitz	19/03/2025	No	142
Nic	Grist Insects	19/03/2025	Yes	143
Ben	Endless Punishment	19/03/2025	No	143
Ashe	Tinybones Discard	19/03/2025	No	143
Otis	Henzie Blitz	19/03/2025	No	143
Nic	Omo Landwalk	27/03/2025	No	144
Ben	Prosper Exile	27/03/2025	Yes	144
Ashe	Galadriel of Lothlórien	27/03/2025	No	144
Dante	Braulious Lands	27/03/2025	No	144
Nic	Lynde Curse	27/03/2025	No	145
Ben	Hashaton Discard	27/03/2025	Yes	145
Ashe	Tinybones Discard	27/03/2025	No	145
Dante	Ur-Dragon Dragons	27/03/2025	No	145
Nic	Omo Landwalk	29/03/2025	No	146
Ben	Prosper Exile	29/03/2025	Yes	146
Dante	Braulious Lands	29/03/2025	No	146
Otis	Henzie Blitz	29/03/2025	No	146
Nic	Lynde Curse	29/03/2025	No	147
Ben	Rograkh Equipment	29/03/2025	No	147
Dante	Braulious Lands	29/03/2025	Yes	147
Otis	Henzie Blitz	29/03/2025	No	147
Nic	Baeloth Minions	8/04/2025	Yes	148
Ben	Prosper Exile	8/04/2025	No	148
Otis	Bello Enchantments	8/04/2025	No	148
Ashe	Kykar Flicker	8/04/2025	No	148
Nic	Grist Insects	8/04/2025	No	149
Ben	Quick Draw	8/04/2025	Yes	149
Ashe	Jarred Slug	8/04/2025	No	149
Nic	Lynde Curse	9/04/2025	No	150
Ben	Prosper Exile	9/04/2025	Yes	150
Ashe	Olivia Vampires	9/04/2025	No	150
Otis	Eluge Blue	9/04/2025	No	150
Ben	Hashaton Discard	9/04/2025	No	151
Ashe	Jarred Slug	9/04/2025	No	151
Nic	Baeloth Minions	9/04/2025	Yes	151
Nic	Baeloth Minions	14/04/2025	No	152
Ben	Ghyrson Pings	14/04/2025	No	152
Ashe	Jarred Slug	14/04/2025	Yes	152
Otis	Sultai Arisen	14/04/2025	No	152
Dante	Ur-Dragon Dragons	14/04/2025	No	152
Nic	Baeloth Minions	14/04/2025	No	153
Ben	Ghyrson Pings	14/04/2025	Yes	153
Ashe	Tinybones Discard	14/04/2025	No	153
Dante	Ur-Dragon Dragons	14/04/2025	No	153
Otis	Sultai Arisen	14/04/2025	No	153
Nic	Grist Insects	14/04/2025	Yes	154
Ben	Ghyrson Pings	14/04/2025	No	154
Otis	Jeskai Striker	14/04/2025	No	154
Ashe	Olivia Vampires	14/04/2025	No	154
Dante	Braulious Lands	14/04/2025	No	154
Nic	Abaddon Demon Cascade	16/04/2025	No	155
Ben	Ghyrson Pings	16/04/2025	Yes	155
Ashe	Jarred Slug	16/04/2025	No	155
Otis	Bello Enchantments	16/04/2025	No	155
Nic	Abaddon Demon Cascade	16/04/2025	No	156
Ben	Prosper Exile	16/04/2025	Yes	156
Otis	Jeskai Striker	16/04/2025	No	156
Ashe	Hugs Creatures	16/04/2025	No	156
Nic	Chiss-Goria Artifacts	19/04/2025	No	157
Ben	Ghyrson Pings	19/04/2025	No	157
Otis	Bello Enchantments	19/04/2025	No	157
Dante	Ur-Dragon Dragons	19/04/2025	Yes	157
Nic	Chiss-Goria Artifacts	19/04/2025	No	158
Ben	Ghyrson Pings	19/04/2025	No	158
Otis	Bello Enchantments	19/04/2025	Yes	158
Dante	Ur-Dragon Dragons	19/04/2025	No	158
Nic	Grist Insects	19/04/2025	No	159
Ben	Prosper Exile	19/04/2025	No	159
Otis	Sultai Arisen	19/04/2025	No	159
Dante	Ur-Dragon Dragons	19/04/2025	Yes	159
Nic	Baeloth Minions	21/04/2025	No	160
Ben	Hashaton Discard	21/04/2025	No	160
Hugh	Miracle Worker	21/04/2025	Yes	160
Otis	Jeskai Striker	21/04/2025	No	160
Nic	Baeloth Minions	21/04/2025	Yes	161
Ben	Rograkh Equipment	21/04/2025	No	161
Hugh	Living energy	21/04/2025	No	161
Otis	Bello Enchantments	21/04/2025	No	161
Nic	Abaddon Demon Cascade	24/04/2025	No	162
Ben	Ghyrson Pings	24/04/2025	Yes	162
Hugh	Jumpscare	24/04/2025	No	162
Ashe	Arasta Spiders	24/04/2025	No	162
Nic	Lynde Curse	24/04/2025	No	163
Ben	Ghyrson Pings	24/04/2025	Yes	163
Hugh	Miracle Worker	24/04/2025	No	163
Ashe	Beluna Adventures	24/04/2025	No	163
Nic	Chiss-Goria Artifacts	29/04/2025	No	164
Ben	Ghyrson Pings	29/04/2025	Yes	164
Ashe	Arasta Spiders	29/04/2025	No	164
Dante	Ur-Dragon Dragons	29/04/2025	No	164
Otis	Bello Enchantments	29/04/2025	No	164
Nic	Baeloth Minions	29/04/2025	No	165
Ben	Prosper Exile	29/04/2025	No	165
Ashe	Beluna Adventures	29/04/2025	No	165
Dante	Ur-Dragon Dragons	29/04/2025	Yes	165
Nic	Baeloth Minions	29/04/2025	No	166
Ben	Ghyrson Pings	29/04/2025	Yes	166
Ashe	Beluna Adventures	29/04/2025	No	166
Dante	Braulious Lands	29/04/2025	No	166
Nic	Eternal Might	2/05/2025	No	167
Ben	Rograkh Equipment	2/05/2025	Yes	167
Otis	Henzie Blitz	2/05/2025	No	167
Nic	Eternal Might	2/05/2025	No	168
Ben	Ghyrson Pings	2/05/2025	No	168
Otis	Henzie Blitz	2/05/2025	Yes	168
Nic	Eternal Might	4/05/2025	No	169
Ben	Rograkh Equipment	4/05/2025	Yes	169
Ashe	Ezuri Elves	4/05/2025	No	169
Nic	Eternal Might	4/05/2025	No	170
Ben	Voja Elves	4/05/2025	Yes	170
Ashe	Ezuri Elves	4/05/2025	No	170
Nic	Eternal Might	4/05/2025	Yes	171
Ben	Voja Elves	4/05/2025	No	171
Ashe	Ezuri Elves	4/05/2025	No	171
Nic	Chiss-Goria Artifacts	4/05/2025	Yes	172
Ben	Endless Punishment	4/05/2025	No	172
Ashe	Ezuri Elves	4/05/2025	No	172
Nic	Eriette Auras	9/05/2025	No	173
Ben	Hashaton Discard	9/05/2025	No	173
Hugh	Bombadil Sagas	9/05/2025	Yes	173
Dante	Balrog Sacrificed	9/05/2025	No	173
Nic	Eriette Auras	9/05/2025	No	174
Ben	Ghyrson Pings	9/05/2025	No	174
Hugh	Bombadil Sagas	9/05/2025	No	174
Dante	Balrog Sacrificed	9/05/2025	No	174
Otis	Bello Enchantments	9/05/2025	Yes	174
Nic	Eriette Auras	12/05/2025	No	175
Ben	Ghyrson Pings	12/05/2025	Yes	175
Otis	Jeskai Striker	12/05/2025	No	175
Dante	Balrog Sacrificed	12/05/2025	No	175
Hugh	Bombadil Sagas	12/05/2025	No	175
Nic	Eriette Auras	23/05/2025	No	176
Dante	Balrog Sacrificed	23/05/2025	No	176
Ben	Urza Artifacts	23/05/2025	Yes	176
Ashe	Ezuri Elves	23/05/2025	No	176
Nic	Eriette Auras	23/05/2025	No	177
Dante	Balrog Sacrificed	23/05/2025	No	177
Ben	Urza Artifacts	23/05/2025	No	177
Ashe	Jarred Slug	23/05/2025	Yes	177
Nic	Eriette Auras	31/05/2025	No	178
Ben	Urza Artifacts	31/05/2025	No	178
Otis	Henzie Blitz	31/05/2025	No	178
Dante	Ur-Dragon Dragons	31/05/2025	Yes	178
Nic	Eriette Auras	31/05/2025	No	179
Ben	Urza Artifacts	31/05/2025	No	179
Dante	Balrog Sacrificed	31/05/2025	Yes	179
Nic	Baeloth Minions	2/06/2025	No	180
Ben	Urza Artifacts	2/06/2025	Yes	180
Ashe	Tinybones Discard	2/06/2025	No	180
Otis	Bello Enchantments	2/06/2025	No	180
Dante	Braulious Lands	2/06/2025	No	180
Nic	Eriette Auras	2/06/2025	No	181
Ben	Urza Artifacts	2/06/2025	No	181
Ashe	Jarred Slug	2/06/2025	No	181
Dante	Ur-Dragon Dragons	2/06/2025	Yes	181
Nic	Eriette Auras	6/06/2025	No	182
Ben	Limit Break	6/06/2025	No	182
Ashe	Finneas Bunnies	6/06/2025	Yes	182
Nic	Grist Insects	6/06/2025	No	183
Ben	Limit Break	6/06/2025	No	183
Ashe	Ezuri Elves	6/06/2025	Yes	183
Otis	Meren Reanimate	9/06/2025	No	183
Nic	Lynde Curse	9/06/2025	No	184
Ben	Prosper Exile	9/06/2025	No	184
Otis	Henzie Blitz	9/06/2025	No	184
Ashe	Olivia Vampires	9/06/2025	Yes	184
Nic	Chiss-Goria Artifacts	9/06/2025	No	185
Ben	Urza Artifacts	9/06/2025	No	185
Otis	Meren Reanimate	9/06/2025	Yes	185
Ashe	Beluna Adventures	9/06/2025	No	185
Nic	Baeloth Minions	10/06/2025	Yes	186
Ben	Ghyrson Pings	10/06/2025	No	186
Dante	Balrog Sacrificed	10/06/2025	No	186
Hugh	Bombadil Sagas	10/06/2025	No	186
Nic	Baeloth Minions	10/06/2025	No	187
Ben	Ghyrson Pings	10/06/2025	No	187
Dante	Balrog Sacrificed	10/06/2025	No	187
Otis	Meren Reanimate	10/06/2025	Yes	187
Hugh	Bombadil Sagas	10/06/2025	No	187
Nic	Eriette Auras	14/06/2025	No	188
Ben	Urza Artifacts	14/06/2025	Yes	188
Otis	Meren Reanimate	14/06/2025	No	188
Ashe	Minn Illusions	14/06/2025	No	188
Nic	Baeloth Minions	16/06/2025	No	189
Ben	Urza Artifacts	16/06/2025	Yes	189
Hugh	Bombadil Sagas	16/06/2025	No	189
Ashe	Olivia Vampires	16/06/2025	No	189
Nic	Baeloth Minions	16/06/2025	No	190
Ben	Prosper Exile	16/06/2025	No	190
Hugh	Bombadil Sagas	16/06/2025	Yes	190
Ashe	Minn Illusions	16/06/2025	No	190
Nic	Eternal Might	18/06/2025	No	191
Ben	Limit Break	18/06/2025	No	191
Ashe	Jarred Slug	18/06/2025	Yes	191
Dante	Braulious Lands	18/06/2025	No	191
Al	"Hail, Caesar"	18/06/2025	No	191
Nic	Eriette Auras	18/06/2025	Yes	192
Ben	Urza Artifacts	18/06/2025	Yes	192
Ashe	Ezuri Elves	18/06/2025	No	192
Dante	Ur-Dragon Dragons	18/06/2025	No	192
Al	"Hail, Caesar"	18/06/2025	No	192
Nic	Eternal Might	18/06/2025	No	193
Ben	Urza Artifacts	18/06/2025	No	193
Dante	Ur-Dragon Dragons	18/06/2025	Yes	193
Al	Limit Break	18/06/2025	No	193
Nic	Baeloth Minions	19/06/2025	No	194
Ben	Prosper Exile	19/06/2025	Yes	194
Otis	Meren Reanimate	19/06/2025	No	194
Al	Riders of Rohan	19/06/2025	No	194
Nic	Baeloth Minions	24/06/2025	Yes	195
Ben	Ghyrson Pings	24/06/2025	No	195
Hugh	Food and Fellowship	24/06/2025	No	195
Otis	Bello Enchantments	24/06/2025	No	195
Nic	Grist Insects	24/06/2025	No	196
Ben	Ghyrson Pings	24/06/2025	No	196
Hugh	Food and Fellowship	24/06/2025	Yes	196
Otis	Meren Reanimate	24/06/2025	No	196
Nic	Temmet Draw Zombies	25/06/2025	No	197
Ben	Urza Artifacts	25/06/2025	No	197
Otis	Henzie Blitz	25/06/2025	Yes	197
Ashe	Jarred Slug	25/06/2025	No	197
Nic	Eriette Auras	25/06/2025	Yes	198
Ben	Ghyrson Pings	25/06/2025	No	198
Otis	Bello Enchantments	25/06/2025	No	198
Ashe	Hugs Creatures	25/06/2025	No	198
Nic	Eriette Auras	25/06/2025	No	199
Ben	Ghyrson Pings	25/06/2025	No	199
Otis	Bello Enchantments	25/06/2025	Yes	199
Ashe	Minn Illusions	25/06/2025	No	199
Nic	Eriette Auras	28/06/2025	No	200
Al	"Hail, Caesar"	28/06/2025	Yes	200
Ben	Endless Punishment	28/06/2025	No	200
Dante	Balrog Sacrificed	28/06/2025	No	200
Nic	Lynde Curse	28/06/2025	No	201
Al	Riders of Rohan	28/06/2025	No	201
Ben	Urza Artifacts	28/06/2025	No	201
Dante	Ur-Dragon Dragons	28/06/2025	Yes	201
Nic	Lynde Curse	28/06/2025	No	202
Al	Riders of Rohan	28/06/2025	No	202
Ben	Urza Artifacts	28/06/2025	Yes	202
Dante	Braulious Lands	28/06/2025	No	202
Nic	Eriette Auras	1/07/2025	Yes	203
Ben	Urza Artifacts	1/07/2025	No	203
Ashe	Tinybones Discard	1/07/2025	No	203
Al	Riders of Rohan	1/07/2025	No	203
Nic	Grist Insects	1/07/2025	Yes	204
Ben	Urza Artifacts	1/07/2025	No	204
Ashe	Hugs Creatures	1/07/2025	No	204
Hugh	Food and Fellowship	1/07/2025	No	204
Al	Riders of Rohan	1/07/2025	No	204
Nic	Eriette Auras	1/07/2025	No	205
Ben	Ghyrson Pings	1/07/2025	No	205
Ashe	Beluna Adventures	1/07/2025	Yes	205
Al	"Hail, Caesar"	1/07/2025	No	205
Hugh	Bombadil Sagas	1/07/2025	No	205
Nic	Baeloth Minions	4/07/2025	No	206
Ben	Ghyrson Pings	4/07/2025	Yes	206
Ashe	Tinybones Discard	4/07/2025	No	206
Dante	Graveyard Overdrive	4/07/2025	No	206
Al	"Hail, Caesar"	4/07/2025	No	206
Nic	Baeloth Minions	4/07/2025	No	207
Ben	Ghyrson Pings	4/07/2025	No	207
Ashe	Olivia Vampires	4/07/2025	Yes	207
Dante	Graveyard Overdrive	4/07/2025	No	207
Al	"Hail, Caesar"	4/07/2025	No	207
Nic	Temmet Draw Zombies	4/07/2025	No	208
Ben	Ghyrson Pings	4/07/2025	Yes	208
Ashe	Jarred Slug	4/07/2025	No	208
Dante	Ur-Dragon Dragons	4/07/2025	No	208
Al	Riders of Rohan	4/07/2025	No	208
Nic	Grist Insects	6/07/2025	No	209
Ben	Mirko Surveil	6/07/2025	No	209
Al	Temmet Draw Zombies	6/07/2025	Yes	209
Nic	Temmet Draw Zombies	6/07/2025	No	210
Ben	Mirko Surveil	6/07/2025	No	210
Al	Grist Insects	6/07/2025	Yes	210
Nic	Chiss-Goria Artifacts	12/07/2025	Yes	211
Ben	Prosper Exile	12/07/2025	No	211
Al	"Hail, Caesar"	12/07/2025	No	211
Nic	Chiss-Goria Artifacts	12/07/2025	Yes	212
Ben	Prosper Exile	12/07/2025	No	212
Panos	Riders of Rohan	12/07/2025	No	212
Al	"Hail, Caesar"	12/07/2025	No	212
Nic	Chiss-Goria Artifacts	14/07/2025	No	213
Ben	Mirko Surveil	14/07/2025	No	213
Dante	Ur-Dragon Dragons	14/07/2025	No	213
Ashe	Tasha Thief	14/07/2025	Yes	213
Nic	Killian Lifegain Auras	14/07/2025	No	214
Ben	Urza Artifacts	14/07/2025	Yes	214
Dante	Graveyard Overdrive	14/07/2025	No	214
Ashe	Tasha Thief	14/07/2025	No	214
Hugh	Food and Fellowship	14/07/2025	No	214
Nic	Chiss-Goria Artifacts	20/07/2025	Yes	215
Ben	Prosper Exile	20/07/2025	No	215
Otis	Meren Reanimate	20/07/2025	No	215
Nic	Killian Lifegain Auras	22/07/2025	No	216
Ben	Ghyrson Pings	22/07/2025	No	216
Dante	Balrog Sacrificed	22/07/2025	Yes	216
Otis	Henzie Blitz	22/07/2025	No	216
Al	Riders of Rohan	22/07/2025	No	216
Jaxon	Miiryn Dragons	22/07/2025	No	216
Nic	Killian Lifegain Auras	22/07/2025	Yes	217
Ben	Ghyrson Pings	22/07/2025	No	217
Dante	Graveyard Overdrive	22/07/2025	No	217
Otis	Meren Reanimate	22/07/2025	No	217
Al	Riders of Rohan	22/07/2025	No	217
Jaxon	Miiryn Dragons	22/07/2025	No	217
Nic	Lynde Curse	22/07/2025	No	218
Ben	Prosper Exile	22/07/2025	No	218
Dante	Graveyard Overdrive	22/07/2025	Yes	218
Otis	Henzie Blitz	22/07/2025	No	218
Al	Riders of Rohan	22/07/2025	No	218
Jaxon	Hogaak Graveyard	22/07/2025	No	218
Nic	Counter Intelligence	26/07/2025	No	219
Ben	Ghyrson Pings	26/07/2025	Yes	219
Hugh	Bombadil Sagas	26/07/2025	No	219
Otis	Bello Enchantments	26/07/2025	No	219
Nic	Counter Intelligence	26/07/2025	No	220
Ben	Ghyrson Pings	26/07/2025	Yes	220
Hugh	Bombadil Sagas	26/07/2025	No	220
Otis	Henzie Blitz	26/07/2025	No	220
Nic	Counter Intelligence	30/07/2025	No	221
Ben	World Shaper	30/07/2025	Yes	221
Ashe	Olivia Vampires	30/07/2025	No	221
Nic	Counter Intelligence	30/07/2025	No	222
Ben	Ghyrson Pings	30/07/2025	No	222
Ashe	Jarred Slug	30/07/2025	Yes	222
Nic	Zhulodok Eldrazi	5/08/2025	No	223
Ben	Urza Artifacts	5/08/2025	Yes	223
Otis	Henzie Blitz	5/08/2025	No	223
Dante	Azlask Eldrazi	5/08/2025	No	223
Hugh	Food and Fellowship	5/08/2025	No	224
Jaxon	Inniaz Theft	5/08/2025	Yes	224
Ashe	Tasha Thief	5/08/2025	No	224
Al	"Hail, Caesar"	5/08/2025	No	224
Nic	Zhulodok Eldrazi	5/08/2025	Yes	225
Dante	Azlask Eldrazi	5/08/2025	No	225
Al	"Hail, Caesar"	5/08/2025	No	225
Ashe	Hugs Creatures	5/08/2025	No	225
Nic	Counter Intelligence	8/08/2025	No	226
Ben	World Shaper	8/08/2025	Yes	226
Hugh	Bombadil Sagas	8/08/2025	No	226
Al	"Hail, Caesar"	8/08/2025	No	226
Nic	Zhulodok Eldrazi	8/08/2025	No	227
Ben	Ghyrson Pings	8/08/2025	Yes	227
Hugh	Jumpscare	8/08/2025	No	227
Al	"Hail, Caesar"	8/08/2025	No	227
Otis	Meren Reanimate	8/08/2025	No	227
Nic	Zhulodok Eldrazi	12/08/2025	No	228
Ben	Urza Artifacts	12/08/2025	No	228
Ashe	Ezuri Elves	12/08/2025	Yes	228
Dante	Azlask Eldrazi	12/08/2025	No	228
Nic	Zhulodok Eldrazi	12/08/2025	No	229
Ben	Ghyrson Pings	12/08/2025	No	229
Ashe	Ezuri Elves	12/08/2025	Yes	229
Dante	Azlask Eldrazi	12/08/2025	No	229
Nic	Baeloth Minions	12/08/2025	Yes	230
Ben	Ghyrson Pings	12/08/2025	No	230
Ashe	Hugs Creatures	12/08/2025	No	230
Dante	Azlask Eldrazi	12/08/2025	No	230
Otis	Henzie Blitz	12/08/2025	No	230
Al	Bello Enchantments	12/08/2025	No	230
Nic	Killian Lifegain Auras	14/08/2025	Yes	231
Ben	Prosper Exile	14/08/2025	No	231
Ashe	Ezuri Elves	14/08/2025	No	231
Dante	Azlask Eldrazi	14/08/2025	No	231
Nic	Baeloth Minions	14/08/2025	No	232
Ben	Urza Artifacts	14/08/2025	Yes	232
Ashe	Beluna Adventures	14/08/2025	No	232
Dante	Azlask Eldrazi	14/08/2025	No	232
Nic	Lynde Curse	21/08/2025	No	233
Otis	Meren Reanimate	21/08/2025	No	233
Hugh	Bello Enchantments	21/08/2025	Yes	233
Ben		21/08/2025	No	233
Nic	Killian Lifegain Auras	21/08/2025	No	234
Ben	Ghyrson Pings	21/08/2025	No	234
Jaxon	Meren Reanimate	21/08/2025	Yes	234
Hugh	Bello Enchantments	21/08/2025	No	234
Nic	Eldrazi Incursion	27/08/2025	Yes	235
Ben	Ghyrson Pings	27/08/2025	No	235
Dante	Ur-Dragon Dragons	27/08/2025	No	235
Otis	Bello Enchantments	27/08/2025	No	235
Nic	Temmet Draw Zombies	27/08/2025	No	236
Ben	Ghyrson Pings	27/08/2025	Yes	236
Dante	Ur-Dragon Dragons	27/08/2025	No	236
Otis	Bello Enchantments	27/08/2025	No	236
Nic	Temmet Draw Zombies	30/08/2025	No	237
Ben	World Shaper	30/08/2025	No	237
Dante	Azlask Eldrazi	30/08/2025	No	237
Otis	Henzie Blitz	30/08/2025	Yes	237
Al	"Hail, Caesar"	30/08/2025	No	237
Nic	Grist Insects	30/08/2025	No	238
Ben	Ghyrson Pings	30/08/2025	Yes	238
Dante	Azlask Eldrazi	30/08/2025	No	238
Otis	Bello Enchantments	30/08/2025	No	238
Al	Riders of Rohan	30/08/2025	No	238
Nic	Temmet Draw Zombies	7/09/2025	Yes	239
Ben	Scions & Spellcraft	7/09/2025	No	239
Otis	Isshin Attackers	7/09/2025	No	239
Nic	Chiss-Goria Artifacts	7/09/2025	No	240
Ben	Urza Artifacts	7/09/2025	No	240
Otis	Isshin Attackers	7/09/2025	Yes	240
Nic	Grist Insects	9/09/2025	No	241
Ben	Scions & Spellcraft	9/09/2025	No	241
Otis	Ureni Dragons	9/09/2025	Yes	241
Al	Jarred Slug	9/09/2025	No	241
Ashe	Tasha Thief	9/09/2025	No	241
Dante	Ur-Dragon Dragons	9/09/2025	No	241
Nic	Chiss-Goria Artifacts	9/09/2025	No	242
Ben	World Shaper	9/09/2025	No	242
Otis	Rakdos Sacrifice	9/09/2025	Yes	242
Al	Tasha Thief	9/09/2025	No	242
Ashe	Jarred Slug	9/09/2025	No	242
Dante	Balrog Sacrificed	9/09/2025	No	242
Nic	Chiss-Goria Artifacts	15/09/2025	No	243
Ben	World Shaper	15/09/2025	Yes	243
Dante	Balrog Sacrificed	15/09/2025	No	243
Ashe	Olivia Vampires	15/09/2025	No	243
Otis	Ureni Dragons	15/09/2025	No	243
Nic	Grist Insects	15/09/2025	No	244
Ben	Mirko Surveil	15/09/2025	Yes	244
Dante	Azlask Eldrazi	15/09/2025	No	244
Ashe	Tasha Thief	15/09/2025	No	244
Otis	Ureni Dragons	15/09/2025	No	244
Nic	Baeloth Minions	17/09/2025	Yes	245
Ben	Prosper Exile	17/09/2025	No	245
Otis	Isshin Attackers	17/09/2025	No	245
Ashe	Ezuri Elves	17/09/2025	No	245
Jaxon	Miiryn Dragons	17/09/2025	No	245
Dante	Azlask Eldrazi	17/09/2025	No	245
Nic	Killian Lifegain Auras	17/09/2025	No	246
Ben	Ghyrson Pings	17/09/2025	No	246
Ashe	Beluna Adventures	17/09/2025	No	246
Otis	Isshin Attackers	17/09/2025	No	246
Jaxon	Miiryn Dragons	17/09/2025	Yes	246
Nic	Grist Insects	22/09/2025	No	247
Ben	Asmoran Food	22/09/2025	No	247
Dante	Ur-Dragon Dragons	22/09/2025	Yes	247
Nic	Grist Insects	22/09/2025	No	248
Ben	Asmoran Food	22/09/2025	Yes	248
Dante	Azlask Eldrazi	22/09/2025	No	248
Nic	Zhulodok Eldrazi	22/09/2025	Yes	249
Ben	Ghyrson Pings	22/09/2025	No	249
Otis	Isshin Attackers	22/09/2025	No	249
Dante	Azlask Eldrazi	22/09/2025	No	249
Al	Bello Enchantments	22/09/2025	No	249
Nic	Grist Insects	22/09/2025	Yes	250
Ben	Ghyrson Pings	22/09/2025	No	250
Al	Isshin Attackers	22/09/2025	No	250
Dante	Azlask Eldrazi	22/09/2025	No	250
Nic	Baeloth Minions	23/09/2025	No	251
Ben	Urza Artifacts	23/09/2025	Yes	251
Al	Mr. House Dice	23/09/2025	No	251
Ashe	Jarred Slug	23/09/2025	No	251
Dante	Ur-Dragon Dragons	23/09/2025	No	251
Nic	Killian Lifegain Auras	23/09/2025	No	252
Ben	Asmoran Food	23/09/2025	No	252
Al	Mr. House Dice	23/09/2025	No	252
Ashe	Ezuri Elves	23/09/2025	Yes	252
Dante	Ur-Dragon Dragons	23/09/2025	No	252
Nic	Scions & Spellcraft	27/09/2025	No	253
Ben	Urza Artifacts	27/09/2025	Yes	253
Jaxon	Inniaz Theft	27/09/2025	No	253
Al	Mr. House Dice	27/09/2025	No	253
Ben	Ghyrson Pings	2/10/2025	Yes	254
Al	Ur-Dragon Dragons	2/10/2025	No	254
Dante	Balrog Sacrificed	2/10/2025	No	254
Otis	Isshin Attackers	2/10/2025	No	254
Nic	Killian Lifegain Auras	2/10/2025	No	255
Otis	Henzie Blitz	2/10/2025	No	255
Dante	Balrog Sacrificed	2/10/2025	No	255
Ashe	Kykar Flicker	2/10/2025	No	255
Al	Kykar Control	2/10/2025	No	255
Jaxon	Inniaz Theft	2/10/2025	No	255
Ben	Scions & Spellcraft	2/10/2025	Yes	255
Nic	Counter Intelligence	6/10/2025	No	256
Ben	Asmoran Food	6/10/2025	No	256
Otis	Ureni Dragons	6/10/2025	Yes	256
Dante	Balrog Sacrificed	6/10/2025	No	256
Nic	Counter Intelligence	6/10/2025	No	257
Ben	Asmoran Food	6/10/2025	No	257
Otis	Isshin Attackers	6/10/2025	No	257
Dante	Balrog Sacrificed	6/10/2025	Yes	257
Ashe	Kykar Control	9/10/2025	No	258
Jaxon	Limit Break	9/10/2025	Yes	258
Ben	Asmoran Food	9/10/2025	No	258
Otis	Bello Enchantments	9/10/2025	No	258
Nic	Temmet Draw Zombies	9/10/2025	No	259
Ben	Urza Artifacts	9/10/2025	Yes	259
Ashe	Kykar Control	9/10/2025	No	259
Otis	Korvold Sacrifice	9/10/2025	No	259
Jaxon	Miiryn Dragons	9/10/2025	No	259
Nic	Chiss-Goria Artifacts	9/10/2025	No	260
Ben	Mirko Surveil	9/10/2025	No	260
Ashe	Kykar Control	9/10/2025	No	260
Jaxon	Miiryn Dragons	9/10/2025	No	260
Otis	Korvold Sacrifice	9/10/2025	Yes	260
Nic	Temmet Draw Zombies	14/10/2025	Yes	261
Ben	Miracle Worker	14/10/2025	No	261
Dante	Azlask Eldrazi	14/10/2025	No	261
Ash	Kykar Control	14/10/2025	No	261
Nic	Baeloth Minions	14/10/2025	No	262
Ben	Urza Artifacts	14/10/2025	Yes	262
Ashe	Kykar Control	14/10/2025	No	262
Dante	Azlask Eldrazi	14/10/2025	No	262
Nic	Killian Lifegain Auras	15/10/2025	Yes	263
Otis	Isshin Attackers	15/10/2025	No	263
Ashe	Dangerous Gamer Counters	15/10/2025	No	263
Dante	Ur-Dragon Dragons	15/10/2025	No	263
Ben	Prosper Exile	15/10/2025	No	263
Nic	Killian Lifegain Auras	15/10/2025	No	264
Ben	Ghyrson Pings	15/10/2025	No	264
Ashe	Kykar Control	15/10/2025	Yes	264
Otis	Ureni Dragons	15/10/2025	No	264
Nic	Grist Insects	18/10/2025	Yes	265
Ben	Asmoran Food	18/10/2025	No	265
Al	Mr. House Dice	18/10/2025	No	265
Dante	Ur-Dragon Dragons	18/10/2025	No	265
Nic	Grist Insects	18/10/2025	Yes	266
 Ben	Scions & Spellcraft	18/10/2025	No	266
Dante	Ur-Dragon Dragons	18/10/2025	No	266
Al	Mr. House Dice	18/10/2025	No	266
Nic	Killian Lifegain Auras	18/10/2025	No	267
Ben	Ghyrson Pings	18/10/2025	No	267
Dante	Balrog Sacrificed	18/10/2025	No	267
Al	Mr. House Dice	18/10/2025	Yes	267
Nic	Temmet Draw Zombies	22/10/2025	Yes	268
Ben	Prosper Exile	22/10/2025	No	268
Otis	Henzie Blitz	22/10/2025	No	268
Jaxon	Limit Break	22/10/2025	No	268
Ashe	Dangerous Gamer Counters	22/10/2025	No	268
Nic	Chiss-Goria Artifacts	22/10/2025	Yes	269
Ben	Asmoran Food	22/10/2025	No	269
Otis	Henzie Blitz	22/10/2025	No	269
Jaxon	Inniaz Theft	22/10/2025	No	269
Ashe	Olivia Vampires	22/10/2025	No	269
Nic	Omo Landwalk	30/10/2025	No	270
Otis	Isshin Attackers	30/10/2025	No	270
Ben	World Shaper	30/10/2025	Yes	270
Dante	Ur-Dragon Dragons	30/10/2025	No	270
Nic	Omo Landwalk	30/10/2025	No	271
Ben	Asmoran Food	30/10/2025	No	271
Otis	Isshin Attackers	30/10/2025	Yes	271
Nic	Mothman Mill	2/11/2025	No	272
Ben	Prosper Exile	2/11/2025	No	272
Otis	Ureni Dragons	2/11/2025	Yes	272
Jaxon	Limit Break	2/11/2025	No	272
Al	Mr. House Dice	2/11/2025	No	272
Nic	Mothman Mill	2/11/2025	Yes	273
Ben	Ghyrson Pings	2/11/2025	No	273
Otis	Bello Enchantments	2/11/2025	No	273
Al	Mr. House Dice	2/11/2025	No	273
Jaxon	Inniaz Theft	2/11/2025	No	273
Nic	Baeloth Minions	2/11/2025	Yes	274
Ben	Urza Artifacts	2/11/2025	No	274
Jaxon	Hogaak Graveyard	2/11/2025	No	274
Al	Mr. House Dice	2/11/2025	No	274
Nic	Mothman Mill	4/11/2025	No	275
Ben	World Shaper	4/11/2025	No	275
Otis	Henzie Blitz	4/11/2025	Yes	275
Ashe	Wick Slug	4/11/2025	No	275
Jaxon	Miiryn Dragons	4/11/2025	No	275
Nic	Mothman Mill	4/11/2025	No	276
Ben	Ghyrson Pings	4/11/2025	No	276
Jaxon	Inniaz Theft	4/11/2025	No	276
Ashe	Wick Slug	4/11/2025	No	276
Otis	Isshin Attackers	4/11/2025	No	276
Nic	Temmet Draw Zombies	10/11/2025	No	277
Ashe	Wick Slug	10/11/2025	Yes	277
Ben	Miracle Worker	10/11/2025	No	277
Dante	Braulious Lands	10/11/2025	No	277
Nic	Killian Lifegain Auras	10/11/2025	No	278
Ben	Calgar Tokens	10/11/2025	No	278
Otis	Tasha Thief	10/11/2025	No	278
Ashe	Wick Slug	10/11/2025	Yes	278
Dante	Braulious Lands	10/11/2025	No	278
Nic	Nekusar Draw	16/11/2025	No	279
Ben	Calgar Tokens	16/11/2025	Yes	279
Ashe	Leonardo Artifacts	16/11/2025	No	279
Otis	Isshin Attackers	16/11/2025	No	279
Al	Mr. House Dice	16/11/2025	No	279
Jaxon	Limit Break	16/11/2025	No	279
Nic	Nekusar Draw	16/11/2025	Yes	280
Ben	Calgar Tokens	16/11/2025	No	280
Ashe	Leonardo Artifacts	16/11/2025	No	280
Otis	Henzie Blitz	16/11/2025	No	280
Al	Mr. House Dice	16/11/2025	No	280
Jaxon	Inniaz Theft	16/11/2025	No	280
Nic	Killian Lifegain Auras	20/11/2025	No	281
Ben	Calgar Tokens	20/11/2025	Yes	281
Otis	Henzie Blitz	20/11/2025	No	281
Dante	Ur-Dragon Dragons	20/11/2025	No	281
Jaxon	Inniaz Theft	20/11/2025	No	281
Nic	Nekusar Draw	20/11/2025	Yes	282
Ben	Calgar Tokens	20/11/2025	No	282
Otis	Korvold Sacrifice	20/11/2025	No	282
Dante	Ur-Dragon Dragons	20/11/2025	No	282
Jaxon	Inniaz Theft	20/11/2025	No	282
Nic	Killian Lifegain Auras	20/11/2025	No	283
Ben	Calgar Tokens	20/11/2025	Yes	283
Otis	Ureni Dragons	20/11/2025	No	283
Dante	Balrog Sacrificed	20/11/2025	No	283
Jaxon	Inniaz Theft	20/11/2025	No	283
Nic	Mothman Mill	27/11/2025	No	284
Otis	Henzie Blitz	27/11/2025	No	284
Jaxon	Inniaz Theft	27/11/2025	No	284
Al	Meren Sacrifice	27/11/2025	Yes	284
Nic	Mothman Mill	27/11/2025	No	285
Otis	Henzie Blitz	27/11/2025	Yes	285
Jaxon	Inniaz Theft	27/11/2025	No	285
Al	Meren Sacrifice	27/11/2025	No	285
Nic	Nekusar Draw	27/11/2025	Yes	286
Otis	Ureni Dragons	27/11/2025	No	286
Jaxon	Inniaz Theft	27/11/2025	No	286
Al	Mr. House Dice	27/11/2025	No	286
Nic	Baeloth Minions	2/12/2025	Yes	287
Ashe	Kykar Control	2/12/2025	No	287
Otis	Henzie Blitz	2/12/2025	No	287
Jaxon	Inniaz Theft	2/12/2025	No	287
Dante	Kaalia Celestials	2/12/2025	No	287
Nic	Grist Insects	2/12/2025	No	288
Ashe	Leonardo Artifacts	2/12/2025	Yes	288
Otis	Henzie Blitz	2/12/2025	No	288
Jaxon	Inniaz Theft	2/12/2025	No	288
Dante	Kaalia Celestials	2/12/2025	No	288
Nic	Baeloth Minions	2/12/2025	No	289
Ashe	Wick Slug	2/12/2025	No	289
Otis	Bello Enchantments	2/12/2025	No	289
Jaxon	Inniaz Theft	2/12/2025	No	289
Dante	Kaalia Celestials	2/12/2025	No	289
Nic	Baeloth Minions	10/12/2025	No	290
Ashe	Leonardo Artifacts	10/12/2025	No	290
Otis	Norman Mayhem	10/12/2025	No	290
Dante	Ur-Dragon Dragons	10/12/2025	No	290
Jaxon	Inniaz Theft	10/12/2025	No	290
Ben	Ghyrson Pings	10/12/2025	Yes	290
Nic	Nekusar Draw	10/12/2025	No	291
Ben	Calgar Tokens	10/12/2025	Yes	291
Ashe	Ezuri Elves	10/12/2025	No	291
Jaxon	Inniaz Theft	10/12/2025	No	291
Otis	Norman Mayhem	10/12/2025	No	291
Nic	Chiss-Goria Artifacts	14/12/2025	Yes	292
Ashe	Wick Slug	14/12/2025	No	292
Jaxon	Limit Break	14/12/2025	No	292
Ben	Calgar Tokens	14/12/2025	No	292
Nic	Counter Intelligence	14/12/2025	Yes	293
Ashe	Kykar Control	14/12/2025	No	293
Jaxon	Augustin Stax	14/12/2025	No	293
Ben	Calgar Tokens	14/12/2025	No	293
Nic	Chiss-Goria Artifacts	14/12/2025	No	294
Ashe	Wick Slug	14/12/2025	Yes	294
Jaxon	Augustin Stax	14/12/2025	No	294
Ben	Asmoran Food	14/12/2025	No	294
Nic	Temmet Draw Zombies	22/12/2025	No	295
Ben	Calgar Tokens	22/12/2025	Yes	295
Dante	Don Thief	22/12/2025	No	295
Jaxon	Augustin Stax	22/12/2025	No	295
Nic	Zhulodok Eldrazi	22/12/2025	No	296
Ben	World Shaper	22/12/2025	No	296
Dante	Don Thief	22/12/2025	No	296
Jaxon	Aeve Ooze	22/12/2025	Yes	296
Nic	Temmet Draw Zombies	22/12/2025	No	297
Ben	Calgar Tokens	22/12/2025	Yes	297
Dante	Ur-Dragon Dragons	22/12/2025	No	297
Jaxon	Aeve Ooze	22/12/2025	No	297
Nic	Temmet Draw Zombies	22/12/2025	No	298
Ben	Asmoran Food	22/12/2025	No	298
Dante	Ur-Dragon Dragons	22/12/2025	Yes	298
Jaxon	Aeve Ooze	22/12/2025	No	298
Nic	Nekusar Draw	26/12/2025	No	299
Ben	Urza Artifacts	26/12/2025	No	299
Al	World Shaper	26/12/2025	Yes	299
Dante	Don Thief	26/12/2025	No	299
Nic	Nekusar Draw	26/12/2025	No	300
Ben	Urza Artifacts	26/12/2025	No	300
Al	World Shaper	26/12/2025	Yes	300
Dante	Don Thief	26/12/2025	No	300
Nic	Counter Intelligence	28/12/2025	No	301
Ben	Calgar Tokens	28/12/2025	No	301
Dante	Kaalia Celestials	28/12/2025	No	301
Al	N'ghathrod Mill	28/12/2025	Yes	301
Jaxon	Aeve Ooze	28/12/2025	No	301
Nic	Counter Intelligence	28/12/2025	Yes	302
Ben	Calgar Tokens	28/12/2025	No	302
Dante	Kaalia Celestials	28/12/2025	No	302
Al	N'ghathrod Mill	28/12/2025	No	302
Jaxon	Aeve Ooze	28/12/2025	No	302
Nic	Grist Insects	28/12/2025	No	303
Ben	Urza Artifacts	28/12/2025	No	303
Dante	Kaalia Celestials	28/12/2025	No	302
Al	N'ghathrod Mill	28/12/2025	No	303
Jaxon	Augustin Stax	28/12/2025	No	303
Ashe	Niv Ping Draw	28/12/2025	Yes	303
Nic	Nekusar Draw	28/12/2025	No	304
Ben	Prosper Exile	28/12/2025	Yes	304
Dante	Don Thief	28/12/2025	No	304
Al	Caesar Tokens	28/12/2025	No	304
Jaxon	Augustin Stax	28/12/2025	No	304
Ashe	Niv Ping Draw	28/12/2025	No	304
Nic	Baeloth Minions	29/12/2025	No	305
Ben	Calgar Tokens	29/12/2025	Yes	305
Ashe	Niv Ping Draw	29/12/2025	No	305
Jaxon	Augustin Stax	29/12/2025	No	305
Dante	Don Thief	29/12/2025	No	305
Nic	Baeloth Minions	29/12/2025	No	306
Ben	Calgar Tokens	29/12/2025	No	306
Ashe	Niv Ping Draw	29/12/2025	No	306
Jaxon	Aeve Ooze	29/12/2025	No	306
Dante	Kaalia Celestials	29/12/2025	Yes	306
Otis	Yarok Lands	29/12/2025	No	306
Nic	Baeloth Minions	1/01/2026	No	307
Ben	Calgar Tokens	1/01/2026	No	307
Ashe	Olivia Vampires	1/01/2026	No	307
Al	N'ghathrod Mill	1/01/2026	No	307
Otis	Etali Exile	1/01/2026	Yes	307
Nic	Baeloth Minions	1/01/2026	No	308
Ben	Calgar Tokens	1/01/2026	Yes	308
Ashe	Olivia Vampires	1/01/2026	No	308
Al	N'ghathrod Mill	1/01/2026	No	308
Otis	Norman Mayhem	1/01/2026	No	308
Nic	Temmet Draw Zombies	1/01/2026	Yes	309
Ben	Asmoran Food	1/01/2026	No	309
Ashe	Niv Ping Draw	1/01/2026	No	309
Al	Caesar Tokens	1/01/2026	No	309
Otis	Henzie Blitz	1/01/2026	No	309
Nic	Zhulodok Eldrazi	1/01/2026	No	310
Ben	Calgar Tokens	1/01/2026	No	310
Ashe	Niv Ping Draw	1/01/2026	No	310
Al	Mr. House Dice	1/01/2026	No	310
Otis	Etali Exile	1/01/2026	Yes	310
Dante	Ur-Dragon Dragons	1/01/2026	No	310
Nic	Zhulodok Eldrazi	1/01/2026	Yes	311
Ben	Calgar Tokens	1/01/2026	No	311
Ashe	Niv Ping Draw	1/01/2026	No	311
Al	Mr. House Dice	1/01/2026	No	311
Otis	Norman Mayhem	1/01/2026	No	311
Dante	Ur-Dragon Dragons	1/01/2026	No	311
Nic	Counter Intelligence	2/01/2026	Yes	312
Ashe	Kykar Control	2/01/2026	No	312
Marley 	Tannuk Lands	2/01/2026	No	312
Al	Mr. House Dice	2/01/2026	No	312
Nic	Baeloth Minions	2/01/2026	Yes	313
Ashe	Leonardo Artifacts	2/01/2026	No	313
Marley 	Tannuk Lands	2/01/2026	No	313
Al	Caesar Tokens	2/01/2026	No	313
Nic	Chiss-Goria Artifacts	2/01/2026	No	314
Ashe	Tasha Thief	2/01/2026	No	314
Marley 	Tannuk Lands	2/01/2026	No	314
Al	Caesar Tokens	2/01/2026	Yes	314
Nic	Baeloth Giants	7/01/2026	No	315
Ben	Calgar Tokens	7/01/2026	Yes	315
Ashe	Beluna Adventures	7/01/2026	No	315
Al	Asmoran Food	7/01/2026	No	315
Jaxon	Augustin Stax	7/01/2026	No	315
Otis	Henzie Blitz	7/01/2026	No	315
Nic	Blight Curse	26/01/2026	Yes	316
Ben	Calgar Tokens	26/01/2026	No	316
Dante	Kaalia Celestials	26/01/2026	No	316
Al	Blight Curse	26/01/2026	No	316
Nic	Killian Lifegain Auras	26/01/2026	Yes	317
Ben	Calgar Tokens	26/01/2026	No	317
Dante	Kaalia Celestials	26/01/2026	No	317
Al	Caesar Tokens	26/01/2026	No	317
Otis	Ashling Elementals	26/01/2026	No	317
Nic	Killian Lifegain Auras	26/01/2026	Yes	318
Ben	Ghyrson Pings	26/01/2026	No	318
Dante	Don Thief	26/01/2026	No	318
Al	Meren Sacrifice	26/01/2026	No	318
Otis	Etali Exile	26/01/2026	No	318
Nic	Baeloth Giants	31/01/2026	No	319
Ben	Calgar Tokens	31/01/2026	No	319
Al	Meren Sacrifice	31/01/2026	Yes	319
Dante	Kaalia Celestials	31/01/2026	No	319
Nic	Blight Curse	31/01/2026	No	320
Ben	Calgar Tokens	31/01/2026	No	320
Al	Meren Sacrifice	31/01/2026	No	320
Dante	Kaalia Celestials	31/01/2026	Yes	320
Nic	Zhulodok Eldrazi	4/02/2026	No	321
Ben	Calgar Tokens	4/02/2026	No	321
Al	N'ghathrod Mill	4/02/2026	Yes	321
Dante	Urza's Iron Alliance	4/02/2026	No	321
Nic	Baeloth Giants	4/02/2026	No	322
Ben	Ashling Elementals	4/02/2026	No	322
Otis	Ashling Elementals	4/02/2026	No	322
Josephine	Bello Enchantments	4/02/2026	Yes	322
Nic	Killian Lifegain Auras	4/02/2026	Yes	323
Ashe	Wick Slug	4/02/2026	No	323
Otis	Ashling Elementals	4/02/2026	No	323
Josephine	Bello Enchantments	4/02/2026	No	323
Al	Mr. House Dice	4/02/2026	No	323
Nic	Baeloth Giants	8/02/2026	No	324
Ben	World Shaper	8/02/2026	Yes	324
Al	Mr. House Dice	8/02/2026	No	324
Nic	Nekusar Draw	8/02/2026	No	325
Ben	Calgar Tokens	8/02/2026	Yes	325
Otis	Etali Exile	8/02/2026	No	325
Al	N'ghathrod Mill	8/02/2026	No	325
Nic	Nekusar Draw	8/02/2026	No	326
Ben	Urza Artifacts	8/02/2026	No	326
Otis	Etali Exile	8/02/2026	Yes	326
Al	N'ghathrod Mill	8/02/2026	No	326
Dante	Azlask Eldrazi	8/02/2026	No	326
Nic	Temmet Draw Zombies	10/02/2026	No	327
Ben	Asmoran Food	10/02/2026	No	327
Dante	Azlask Eldrazi	10/02/2026	No	327
Ashe	Tasha Thief	10/02/2026	Yes	327
Otis	Ashling Elementals	10/02/2026	No	327
Nic	Zhulodok Eldrazi	10/02/2026	No	328
Ben	Calgar Tokens	10/02/2026	No	328
Dante	Ur-Dragon Dragons	10/02/2026	No	328
Ashe	Norman Mayhem	10/02/2026	No	328
Otis	Henzie Blitz	10/02/2026	Yes	328
Nic	Grist Insects	15/02/2026	No	329
Ben	Calgar Tokens	15/02/2026	No	329
Al	Caesar Tokens	15/02/2026	No	329
Dante	Braulious Lands	15/02/2026	No	329
Otis	Henzie Blitz	15/02/2026	Yes	329
Nic	Killian Lifegain Auras	7/03/2026	No	330
Ben	Calgar Tokens	7/03/2026	No	330
Otis	Etali Exile	7/03/2026	Yes	330
Al	N'ghathrod Mill	7/03/2026	No	330
Nic	Killian Lifegain Auras	7/03/2026	No	331
Ben	Calgar Tokens	7/03/2026	No	331
Otis	Ashling Elementals	7/03/2026	Yes	331
Al	Mr. House Dice	7/03/2026	No	331
Nic	Killian Lifegain Auras	7/03/2026	No	332
Ben	Calgar Tokens	7/03/2026	No	332
Otis	Henzie Blitz	7/03/2026	No	332
Al	Mr. House Dice	7/03/2026	Yes	332
Nic	Blight Curse	9/03/2026	No	333
Ashe	Ezuri Elves	9/03/2026	Yes	333
Ben	Asmoran Food	9/03/2026	No	333
Dante	Kaalia Celestials	9/03/2026	No	333
Nic	Baeloth Goad	13/03/2026	No	334
Ben	World Shaper	13/03/2026	No	334
Dante	Ur-Dragon Dragons	13/03/2026	No	334
Al	Caesar Tokens	13/03/2026	Yes	334
Nic	Chiss-Goria Artifacts	13/03/2026	No	335
Ben	Urza Artifacts	13/03/2026	No	335
Dante	Ur-Dragon Dragons	13/03/2026	No	335
Al	Meren Sacrifice	13/03/2026	Yes	335
Otis	Norman Mayhem	13/03/2026	No	335
Nic	Killian Lifegain Auras	16/03/2026	No	336
Ben	Calgar Tokens	16/03/2026	No	336
Otis	Henzie Blitz	16/03/2026	No	336
Ashe	Kykar Control	16/03/2026	No	336
Jaxon	Aeve Ooze	16/03/2026	Yes	336
Nic	Nekusar Draw	16/03/2026	No	337
Ben	Calgar Tokens	16/03/2026	No	337
Otis	Etali Exile	16/03/2026	No	337
Ashe	Kykar Control	16/03/2026	No	337
Jaxon	Limit Break	16/03/2026	No	337
Nic	Killian Lifegain Auras	16/03/2026	Yes	338
Ben	Asmoran Food	16/03/2026	No	338
Otis	Ashling Elementals	16/03/2026	No	338
Ashe	Kykar Control	16/03/2026	No	338
Jaxon	Aeve Ooze	16/03/2026	No	338
Nic	Zhulodok Eldrazi	21/03/2026	Yes	339
Ben	Calgar Tokens	21/03/2026	No	339
Dante	Nazgul Wraiths	21/03/2026	No	339
Al	Urza Artifacts	21/03/2026	No	339
Nic	Temmet Draw Zombies	21/03/2026	No	340
Ben	Calgar Tokens	21/03/2026	No	340
Dante	Nazgul Wraiths	21/03/2026	No	340
Al	Zhulodok Eldrazi	21/03/2026	Yes	340
Nic	Temmet Draw Zombies	23/03/2026	Yes	341
Ben	Prosper Exile	23/03/2026	No	341
Ashe	Ezuri Elves	23/03/2026	No	341
Dante	Nazgul Wraiths	23/03/2026	No	341
Otis	Henzie Blitz	23/03/2026	No	341
Nic	Grist Insects	23/03/2026	No	342
Ben	Calgar Tokens	23/03/2026	Yes	342
Ashe	Ezuri Elves	23/03/2026	No	342
Dante	Azlask Eldrazi	23/03/2026	No	342
Otis	Ashling Elementals	23/03/2026	No	342
Nic	Temmet Draw Zombies	23/03/2026	No	343
Ben	Calgar Tokens	23/03/2026	Yes	343
Ashe	Ezuri Elves	23/03/2026	No	343
Dante	Azlask Eldrazi	23/03/2026	No	343
Otis	Etali Exile	23/03/2026	No	343
